{
  "interactionModel": {
    "languageModel": {
      "invocationName": "campus guide",
      "intents": [
        {
          "name": "AMAZON.CancelIntent",
          "samples": []
        },
        {
          "name": "AMAZON.HelpIntent",
          "samples": []
        },
        {
          "name": "AMAZON.StopIntent",
          "samples": []
        },
        {
          "name": "AMAZON.NavigateHomeIntent",
          "samples": []
        },
        {
          "name": "HelloWorldIntent",
          "slots": [],
          "samples": [
            "hello",
            "how are you",
            "say hi world",
            "say hi",
            "hi",
            "say hello world",
            "say hello"
          ]
        },
        {
          "name": "AMAZON.FallbackIntent",
          "samples": []
        },
        {
          "name": "ltoneintent",
          "slots": [],
          "samples": [
            "lt one",
            "Where is lt one"
          ]
        },
        {
          "name": "ltfiveeightintent",
          "slots": [],
          "samples": [
            "lt five to eight",
            "Where is lt five to eight"
          ]
        },
        {
          "name": "ltninethirteenintent",
          "slots": [],
          "samples": [
            "lt nine to thirteen",
            "Where is lt nine to thirteen"
          ]
        }
      ],
      "types": []
    }
  },
  "version": "5"
}