{
  "manifest": {
    "apis": {
      "custom": {
        "endpoint": {
          "uri": "arn:aws:lambda:eu-west-1:709207835667:function:7a3a2a80-2087-485a-84af-d4bb84c3e27d:Release_0"
        },
        "interfaces": [],
        "regions": {
          "NA": {
            "endpoint": {
              "uri": "arn:aws:lambda:us-east-1:709207835667:function:7a3a2a80-2087-485a-84af-d4bb84c3e27d:Release_0"
            }
          },
          "EU": {
            "endpoint": {
              "uri": "arn:aws:lambda:eu-west-1:709207835667:function:7a3a2a80-2087-485a-84af-d4bb84c3e27d:Release_0"
            }
          },
          "FE": {
            "endpoint": {
              "uri": "arn:aws:lambda:us-west-2:709207835667:function:7a3a2a80-2087-485a-84af-d4bb84c3e27d:Release_0"
            }
          }
        }
      }
    },
    "manifestVersion": "1.0",
    "publishingInformation": {
      "category": "KNOWLEDGE_AND_TRIVIA",
      "distributionCountries": [],
      "isAvailableWorldwide": true,
      "locales": {
        "en-IN": {
          "name": "Campus Guide"
        }
      },
      "testingInstructions": "Sample Testing Instructions."
    }
  }
}